Column1,player_szn,RK,PLAYER,YEAR,OFF,RB,RBR,RAR,RAAO,WAAO,WAAWPO,TRPG,Rk.1,Player.1,OPS.,PA,Season,Age,Team,Lg,G,PA_1,AB,R,H,X1B,X2B,X3B,HR,RBI,SB,CS,BB,SO,BA,OBP,SLG,OPS,OPS._2,TB,GIDP,HBP,SH,SF,IBB,Pos,Player.additional,comb_rnk
1,Al Rosen-1953,62,Al Rosen,1953,9.1,68,2.2,98.7,69.2,7,0.5,4.9,167,Al Rosen,180,688,1953,29,CLE,AL,155,688,599,115,201,126,27,5,43,145,8,7,85,48,0.336,0.422,0.613,1.034,180,367,19,4,0,NA,4,*5/36H,rosenal01,229
2,Albert Pujols-2003,103,Albert Pujols,2003,8.5,73.5,2.4,89,67.2,6.5,0.5,5.1,109,Albert Pujols,187,685,2003,23,STL,NL,157,685,591,137,212,117,51,1,43,124,5,1,79,65,0.359,0.439,0.667,1.106,187,394,13,10,0,5,12,*73/HD,pujolal01,212
3,Albert Pujols-2008,167,Albert Pujols,2008,7.4,64.6,0.3,94.6,56.7,5.5,0.5,5,83,Albert Pujols,192,641,2008,28,STL,NL,148,641,524,100,187,106,44,0,37,116,7,3,104,54,0.357,0.462,0.653,1.114,192,342,16,5,0,8,34,*3/HD4,pujolal01,250
4,Albert Pujols-2009,141,Albert Pujols,2009,7.9,67.3,3.1,97.3,58.8,5.8,0.5,4.9,95,Albert Pujols,189,700,2009,29,STL,NL,160,700,568,124,186,93,45,1,47,135,16,4,115,64,0.327,0.443,0.658,1.101,189,374,23,9,0,8,44,*3/HD,pujolal01,236
5,Arky Vaughan-1935,45,Arky Vaughan,1935,9.5,70.9,-0.3,95,79.7,7.6,0.6,5.3,89,Arky Vaughan,190,610,1935,23,PIT,NL,137,610,499,108,192,129,34,10,19,99,4,7,97,18,0.385,0.491,0.607,1.098,190,303,5,7,7,NA,7,*6,vaughar01,134
6,Babe Ruth-1919,89,Babe Ruth,1919,8.7,67.6,-0.2,89.2,61.7,6.6,0.6,4.6,18,Babe Ruth,217,543,1919,24,BOS,AL,130,543,432,103,139,64,34,12,29,113,7,NA,101,58,0.322,0.456,0.657,1.114,217,284,NA,6,3,NA,NA,*71/38H,ruthba01,107
7,Babe Ruth-1920,4,Babe Ruth,1920,11.8,108.7,-1.1,125.2,101,9.6,0.6,5.5,5,Babe Ruth,255,617,1920,25,NYY,AL,142,617,458,158,172,73,36,9,54,135,14,14,150,80,0.376,0.532,0.847,1.379,255,388,NA,3,5,NA,NA,*978/31H,ruthba01,9
8,Babe Ruth-1921,2,Babe Ruth,1921,12.2,116.4,-0.8,140.2,108.9,9.8,0.6,5.8,7,Babe Ruth,239,693,1921,26,NYY,AL,152,693,540,177,204,85,44,16,59,168,17,13,145,81,0.378,0.512,0.846,1.359,239,457,NA,4,4,NA,NA,*78/13H,ruthba01,9
9,Babe Ruth-1923,2,Babe Ruth,1923,12.2,113,-3.8,146.3,102.2,9.7,0.6,5.5,6,Babe Ruth,239,699,1923,28,NYY,AL,152,699,522,151,205,106,45,13,41,130,17,21,170,93,0.393,0.545,0.764,1.309,239,399,NA,4,3,NA,NA,*97/83,ruthba01,8
10,Babe Ruth-1924,15,Babe Ruth,1924,10.8,99.8,-2.4,124.5,90.2,8.3,0.6,5.6,15,Babe Ruth,220,681,1924,29,NYY,AL,153,681,529,143,200,108,39,7,46,124,9,13,142,81,0.378,0.513,0.739,1.252,220,391,NA,4,6,NA,28,*97/8H,ruthba01,30
11,Babe Ruth-1926,13,Babe Ruth,1926,11.1,97.5,-0.5,119.4,89.9,8.6,0.6,5.4,11,Babe Ruth,226,652,1926,31,NYY,AL,152,652,495,139,184,102,30,5,47,153,11,9,144,76,0.372,0.516,0.737,1.253,226,365,NA,3,10,NA,13,*79/H3,ruthba01,24
12,Babe Ruth-1927,11,Babe Ruth,1927,11.2,101.6,-0.3,131,94.3,8.8,0.6,5.6,12,Babe Ruth,225,691,1927,32,NYY,AL,151,691,540,158,192,95,29,8,60,165,7,5,137,89,0.356,0.486,0.772,1.258,225,417,NA,0,14,NA,3,*97,ruthba01,23
13,Babe Ruth-1928,31,Babe Ruth,1928,9.9,85,-0.4,104.4,77.5,7.4,0.5,5.3,35,Babe Ruth,206,684,1928,33,NYY,AL,154,684,536,163,173,82,29,8,54,146,4,5,137,87,0.323,0.463,0.709,1.172,206,380,NA,3,8,NA,8,*97,ruthba01,66
14,Babe Ruth-1930,28,Babe Ruth,1930,10,97.5,-1.7,114.8,89.1,7.6,0.6,6.1,25,Babe Ruth,211,676,1930,35,NYY,AL,145,676,518,150,186,100,28,9,49,153,10,10,136,61,0.359,0.493,0.732,1.225,211,379,NA,1,21,NA,8,*97/1,ruthba01,53
15,Babe Ruth-1931,21,Babe Ruth,1931,10.4,96.8,0.3,112.4,90.4,8.1,0.6,5.8,17,Babe Ruth,218,663,1931,36,NYY,AL,145,663,534,149,199,119,31,3,46,162,5,4,128,51,0.373,0.495,0.7,1.195,218,374,NA,1,0,NA,5,*97/H3,ruthba01,38
16,Barry Bonds-1992,117,Barry Bonds,1992,8.3,61.3,3.8,83.2,60,6.5,0.5,4.3,41,Barry Bonds,204,612,1992,27,PIT,NL,140,612,473,109,147,72,36,5,34,103,39,8,127,69,0.311,0.456,0.624,1.08,204,295,9,5,0,7,32,*7/H,bondsba01,158
17,Barry Bonds-1993,89,Barry Bonds,1993,8.7,72.6,1.8,97.7,67.6,6.7,0.5,4.9,37,Barry Bonds,206,674,1993,28,SFG,NL,159,674,539,129,181,93,38,4,46,123,29,12,126,79,0.336,0.458,0.677,1.136,206,365,11,2,0,7,43,*7/H,bondsba01,126
18,Barry Bonds-1996,69,Barry Bonds,1996,8.9,69.8,7.8,102.2,71.4,6.8,0.5,5.1,106,Barry Bonds,188,675,1996,31,SFG,NL,158,675,517,122,159,87,27,3,42,129,40,7,151,76,0.308,0.461,0.615,1.076,188,318,11,1,0,6,30,*7/H8,bondsba01,175
19,Barry Bonds-2001,1,Barry Bonds,2001,12.4,115.8,0.5,126.3,110.4,10.4,0.6,5.5,3,Barry Bonds,259,664,2001,36,SFG,NL,153,664,476,129,156,49,32,2,73,137,13,3,177,93,0.328,0.515,0.863,1.379,259,411,5,9,0,2,35,*7/DH,bondsba01,4
20,Barry Bonds-2002,4,Barry Bonds,2002,11.8,108.8,-1.6,120.7,101.6,9.9,0.6,5.2,1,Barry Bonds,268,612,2002,37,SFG,NL,143,612,403,117,149,70,31,2,46,110,9,2,198,47,0.37,0.582,0.799,1.381,268,322,4,9,0,2,68,*7/DH,bondsba01,5
21,Barry Bonds-2003,95,Barry Bonds,2003,8.6,76.9,0.9,94.6,72.5,7,0.6,5.2,10,Barry Bonds,231,550,2003,38,SFG,NL,130,550,390,111,133,65,22,1,45,90,7,0,148,58,0.341,0.529,0.749,1.278,231,292,7,10,0,2,61,*7/DH,bondsba01,105
22,Barry Bonds-2004,6,Barry Bonds,2004,11.5,106.4,-0.1,112,100.7,9.6,0.6,5.4,2,Barry Bonds,263,617,2004,39,SFG,NL,147,617,373,129,135,60,27,3,45,101,6,1,232,41,0.362,0.609,0.812,1.422,263,303,5,9,0,3,120,*7/HD,bondsba01,8
23,Bryce Harper-2015,69,Bryce Harper,2015,8.9,69.9,2.9,97.4,66.6,6.8,0.5,4.7,60,Bryce Harper,198,654,2015,22,WSN,NL,153,654,521,118,172,91,38,1,42,99,6,4,124,131,0.33,0.46,0.649,1.109,198,338,15,5,0,4,15,*98/D,harpebr03,129
24,Carl Yastrzemski-1967,31,Carl Yastrzemski,1967,9.9,69.4,2.7,111.9,66.7,7.6,0.5,4.1,74,Carl Yastrzemski,193,680,1967,27,BOS,AL,161,680,579,112,189,110,31,4,44,121,10,8,91,69,0.326,0.418,0.622,1.04,193,360,5,4,1,5,11,*7/8H,yastrca01,105
25,Dan Brouthers-1892,148,Dan Brouthers,1892,7.8,63.1,-2.3,95.2,60.6,5.5,0.5,5.6,182,Dan Brouthers,179,688,1892,34,BRO,NL,152,688,588,121,197,142,30,20,5,124,31,NA,84,30,0.335,0.432,0.48,0.911,179,282,NA,16,NA,NA,NA,*3,broutda01,330
26,Dick Allen-1972,84,Dick Allen,1972,8.8,60.3,2.4,74.1,53.7,6.5,0.5,3.8,57,Dick Allen,199,609,1972,30,CHW,AL,148,609,506,90,156,86,28,5,37,113,19,8,99,126,0.308,0.42,0.603,1.023,199,305,13,1,0,3,16,*3/H5,allendi01,141
27,George Brett-1980,103,George Brett,1980,8.5,60.5,5.2,94.8,68.9,6.9,0.6,5.1,42,George Brett,203,515,1980,27,KCR,AL,117,515,449,87,175,109,33,9,24,118,15,6,58,22,0.39,0.454,0.664,1.118,203,298,11,1,0,7,16,*5/H3,brettge01,145
28,George Sisler-1920,55,George Sisler,1920,9.2,71.7,3.9,100.6,69.5,6.8,0.5,5.2,152,George Sisler,182,692,1920,27,SLB,AL,154,692,631,137,257,171,49,18,19,122,42,17,46,19,0.407,0.449,0.632,1.082,182,399,NA,2,13,NA,NA,*3/1,sislege01,207
29,George Stone-1906,141,George Stone,1906,7.9,55.7,-0.6,75.8,46.9,5.4,0.5,4,77,George Stone,193,662,1906,29,SLB,AL,154,662,581,91,208,157,25,20,6,71,35,NA,52,89,0.358,0.417,0.501,0.918,193,291,NA,7,18,NA,NA,*7,stonege01,218
30,Harry Heilmann-1923,69,Harry Heilmann,1923,8.9,74,0.2,96.2,67.5,6.5,0.5,5.3,73,Harry Heilmann,194,627,1923,28,DET,AL,144,627,524,121,211,138,44,11,18,115,9,7,74,40,0.403,0.481,0.632,1.113,194,331,NA,5,23,NA,NA,*93/H,heilmha01,142
31,Honus Wagner-1907,39,Honus Wagner,1907,9.7,46.2,7.9,77,63.2,7.6,0.6,3.9,111,Honus Wagner,187,584,1907,33,PIT,NL,142,584,515,98,180,122,38,14,6,82,61,NA,46,40,0.35,0.408,0.513,0.921,187,264,NA,5,14,NA,NA,*6/3,wagneho01,150
32,Honus Wagner-1908,8,Honus Wagner,1908,11.4,61.6,4.4,97.1,76.1,9.3,0.6,3.8,39,Honus Wagner,205,641,1908,34,PIT,NL,151,641,568,100,201,133,39,19,10,109,53,NA,54,22,0.354,0.415,0.542,0.957,205,308,NA,5,14,NA,NA,*6,wagneho01,47
33,Jason Giambi-2001,89,Jason Giambi,2001,8.7,77,-0.1,94.1,65.3,6.3,0.5,5.3,56,Jason Giambi,199,671,2001,30,OAK,AL,154,671,520,109,178,91,47,2,38,120,2,0,129,83,0.342,0.477,0.66,1.137,199,343,17,13,0,9,24,*3D/H,giambja01,145
34,Jimmie Foxx-1932,28,Jimmie Foxx,1932,10,91.7,-1.5,114.5,84,7.6,0.5,5.8,32,Jimmie Foxx,207,702,1932,24,PHA,AL,154,702,585,151,213,113,33,9,58,169,3,7,116,96,0.364,0.469,0.749,1.218,207,438,NA,0,0,NA,10,*35,foxxji01,60
35,Jimmie Foxx-1933,55,Jimmie Foxx,1933,9.2,80.1,0.6,98.4,73.8,6.9,0.5,5.5,48,Jimmie Foxx,201,670,1933,25,PHA,AL,149,670,573,125,204,110,37,9,48,163,2,2,96,93,0.356,0.449,0.703,1.153,201,403,NA,1,0,NA,9,*3/6,foxxji01,103
36,Jimmie Foxx-1934,117,Jimmie Foxx,1934,8.3,69.4,1.8,97.2,64.8,5.9,0.5,5.6,120,Jimmie Foxx,186,652,1934,26,PHA,AL,150,652,539,120,180,102,28,6,44,130,11,2,111,75,0.334,0.449,0.653,1.102,186,352,NA,1,1,NA,17,*3/5H,foxxji01,237
37,Joe DiMaggio-1941,117,Joe DiMaggio,1941,8.3,66.1,0.5,94.1,65.2,6.3,0.5,5.2,134,Joe DiMaggio,185,622,1941,26,NYY,AL,139,622,541,122,193,109,43,11,30,125,4,2,76,13,0.357,0.44,0.643,1.083,185,348,6,4,0,NA,21,*8,dimagjo01,251
38,Joe Jackson-1911,103,Joe Jackson,1911,8.5,70.1,-0.7,91.4,62.9,6.2,0.5,5,76,Joe Jackson,193,641,1911,23,CLE,AL,147,641,571,126,233,162,45,19,7,83,41,NA,56,42,0.408,0.468,0.59,1.058,193,337,NA,8,6,NA,NA,*98,jacksjo01,179
39,Joe Jackson-1912,69,Joe Jackson,1912,8.9,69.3,1.6,94,63.5,6.3,0.5,4.9,86,Joe Jackson,191,653,1912,24,CLE,AL,154,653,572,121,226,153,44,26,3,90,35,20,54,19,0.395,0.458,0.579,1.036,191,331,NA,12,15,NA,NA,*98/H,jacksjo01,155
40,Joe Medwick-1937,125,Joe Medwick,1937,8.2,66.7,0,84.1,59.4,5.9,0.5,4.9,154,Joe Medwick,182,677,1937,25,STL,NL,156,677,633,111,237,140,56,10,31,154,4,5,41,50,0.374,0.414,0.641,1.056,182,406,11,2,1,NA,13,*7,medwijo01,279
41,Joe Morgan-1976,39,Joe Morgan,1976,9.7,57.1,9.6,91.4,73,7.8,0.6,4.5,114,Joe Morgan,187,599,1976,32,CIN,NL,141,599,472,113,151,89,30,5,27,111,60,9,114,41,0.32,0.444,0.576,1.02,187,272,2,1,0,12,8,*4H,morgajo02,153
42,Larry Walker-1997,69,Larry Walker,1997,8.9,69.6,6.6,101.7,72.1,6.9,0.5,5.1,194,Larry Walker,178,664,1997,30,COL,NL,153,664,568,143,208,109,46,4,49,130,33,8,78,90,0.366,0.452,0.72,1.172,178,409,15,14,0,4,14,*9/38HD,walkela01,263
43,Lou Gehrig-1927,9,Lou Gehrig,1927,11.3,102.7,-0.5,125.3,95,8.8,0.6,5.6,16,Lou Gehrig,220,717,1927,24,NYY,AL,155,717,584,149,218,101,52,18,47,173,10,10,109,84,0.373,0.474,0.765,1.24,220,447,NA,3,21,NA,9,*3,gehrilo01,25
44,Lou Gehrig-1928,69,Lou Gehrig,1928,8.9,77.4,-3.1,96.1,67.2,6.4,0.5,5.2,79,Lou Gehrig,193,678,1928,25,NYY,AL,154,678,562,139,210,123,47,13,27,147,4,11,95,69,0.374,0.467,0.648,1.115,193,364,NA,4,17,NA,3,*3,gehrilo01,148
45,Lou Gehrig-1930,31,Lou Gehrig,1930,9.9,95.3,-3.1,106.2,85,7.3,0.5,6,43,Lou Gehrig,203,703,1930,27,NYY,AL,154,703,581,143,220,120,42,17,41,173,12,14,101,63,0.379,0.473,0.721,1.194,203,419,NA,3,18,NA,3,*3/7,gehrilo01,74
46,Lou Gehrig-1931,45,Lou Gehrig,1931,9.5,85.1,-0.8,94.8,77.2,7,0.5,5.7,71,Lou Gehrig,194,738,1931,28,NYY,AL,155,738,619,163,211,119,31,15,46,185,17,12,117,56,0.341,0.446,0.662,1.108,194,410,NA,0,2,NA,14,*3/9,gehrilo01,116
47,Lou Gehrig-1934,22,Lou Gehrig,1934,10.2,92.7,0,114.1,85.6,7.8,0.6,5.7,33,Lou Gehrig,207,690,1934,31,NYY,AL,154,690,579,128,210,115,40,6,49,166,9,5,109,31,0.363,0.465,0.706,1.172,207,409,NA,2,0,NA,13,*3/6,gehrilo01,55
48,Lou Gehrig-1936,55,Lou Gehrig,1936,9.2,88.4,-0.7,105.4,80.4,6.9,0.5,6.3,88,Lou Gehrig,190,719,1936,33,NYY,AL,155,719,579,167,205,112,37,7,49,152,3,4,130,46,0.354,0.478,0.696,1.174,190,403,NA,7,3,NA,9,*3,gehrilo01,143
49,Mel Ott-1938,117,Mel Ott,1938,8.3,60.7,0.1,87.8,60.6,6,0.5,4.8,185,Mel Ott,178,654,1938,29,NYG,NL,150,654,527,116,164,99,23,6,36,116,2,4,118,47,0.311,0.442,0.583,1.024,178,307,8,5,2,NA,13,*59/H,ottme01,302
50,Mickey Mantle-1955,111,Mickey Mantle,1955,8.4,58.1,5.2,93.4,63.9,6.5,0.5,4.9,168,Mickey Mantle,180,638,1955,23,NYY,AL,147,638,517,121,158,85,25,11,37,99,8,1,113,97,0.306,0.431,0.611,1.042,180,316,4,3,2,3,6,*8/H6,mantlmi01,279
51,Mickey Mantle-1956,16,Mickey Mantle,1956,10.7,84.5,5.5,116.4,91.4,8.7,0.6,5.3,27,Mickey Mantle,210,652,1956,24,NYY,AL,150,652,533,132,188,109,22,5,52,130,10,1,112,99,0.353,0.464,0.705,1.169,210,376,4,2,1,4,6,*8/H,mantlmi01,43
52,Mickey Mantle-1957,9,Mickey Mantle,1957,11.3,84.2,6.4,111,91.1,9.3,0.6,4.8,14,Mickey Mantle,221,623,1957,25,NYY,AL,144,623,474,121,173,105,28,6,34,94,16,3,146,75,0.365,0.512,0.665,1.177,221,315,5,0,0,3,23,*8/H,mantlmi01,23
53,Mickey Mantle-1958,55,Mickey Mantle,1958,9.2,63.8,5.9,84.7,70.1,7.2,0.5,4.7,103,Mickey Mantle,188,654,1958,26,NYY,AL,150,654,519,127,158,94,21,1,42,97,18,3,129,120,0.304,0.443,0.592,1.035,188,307,11,2,2,2,13,*8,mantlmi01,158
54,Mickey Mantle-1961,18,Mickey Mantle,1961,10.6,80.1,6.3,108.9,88,8.6,0.6,5.1,36,Mickey Mantle,206,646,1961,29,NYY,AL,153,646,514,131,163,87,16,6,54,128,12,1,126,112,0.317,0.448,0.687,1.135,206,353,2,0,1,5,9,*8/H,mantlmi01,54
55,Mike Piazza-1997,69,Mike Piazza,1997,8.9,69.7,-2.1,90.5,73,7,0.5,5.1,130,Mike Piazza,185,633,1997,28,LAD,NL,152,633,556,104,201,128,32,1,40,124,5,1,69,77,0.362,0.431,0.638,1.07,185,355,19,3,0,5,11,*2/DH,piazzmi01,199
56,Mike Trout-2013,25,Mike Trout,2013,10.1,67.5,6.2,89,74.1,7.8,0.5,4.8,175,Mike Trout,179,716,2013,21,LAA,AL,157,716,589,109,190,115,39,9,27,97,33,7,110,136,0.323,0.432,0.557,0.988,179,328,8,9,0,8,10,*87/D,troutmi01,200
57,Mike Trout-2018,55,Mike Trout,2018,9.2,64.6,4.1,101,71.7,7.2,0.6,5.1,61,Mike Trout,198,608,2018,26,LAA,AL,140,608,471,101,147,80,24,4,39,79,24,2,122,124,0.312,0.46,0.628,1.088,198,296,5,10,0,4,25,*8D/H,troutmi01,116
58,Mookie Betts-2018,89,Mookie Betts,2018,8.7,64.8,6.2,107.5,66.8,6.7,0.5,5.1,116,Mookie Betts,186,614,2018,25,BOS,AL,136,614,520,129,180,96,47,5,32,80,30,6,81,91,0.346,0.438,0.64,1.078,186,333,5,8,0,5,8,*98/HD4,bettsmo01,205
59,Nap Lajoie-1904,42,Nap Lajoie,1904,9.6,58.9,0.1,75.8,61.9,7.2,0.6,4,52,Nap Lajoie,200,595,1904,29,CLE,AL,140,595,553,92,208,139,49,15,5,102,29,NA,27,19,0.376,0.413,0.546,0.959,200,302,NA,8,6,NA,NA,46/3,lajoina01,94
60,Nap Lajoie-1910,25,Nap Lajoie,1910,10.1,65.7,-2.2,87.5,63.3,7.3,0.5,4,63,Nap Lajoie,197,679,1910,35,CLE,AL,159,679,592,94,227,165,51,7,4,76,26,NA,60,18,0.383,0.444,0.514,0.958,197,304,NA,5,21,NA,NA,*43,lajoina01,88
61,Norm Cash-1961,103,Norm Cash,1961,8.5,76.4,-1.5,94.6,65.3,6.5,0.5,5,49,Norm Cash,201,673,1961,27,DET,AL,159,673,535,119,193,122,22,8,41,132,11,5,124,85,0.361,0.487,0.662,1.148,201,354,16,9,2,2,19,*3/H,cashno01,152
62,Reggie Jackson-1969,103,Reggie Jackson,1969,8.5,64,-0.6,88.2,57.9,6.3,0.5,4.5,100,Reggie Jackson,189,678,1969,23,OAK,AL,152,678,549,123,151,65,36,3,47,118,13,5,114,142,0.275,0.41,0.608,1.018,189,334,8,12,1,1,20,*98/H,jacksre01,203
63,Rickey Henderson-1990,117,Rickey Henderson,1990,8.3,60.7,6.1,96.1,59.4,6.3,0.5,4.8,94,Rickey Henderson,189,594,1990,31,OAK,AL,136,594,489,119,159,95,33,3,28,61,65,10,97,60,0.325,0.439,0.577,1.016,189,282,13,4,2,2,2,*7D/H,henderi01,211
64,Rod Carew-1977,69,Rod Carew,1977,8.9,63.8,6.9,96.6,65.1,6.6,0.5,5,192,Rod Carew,178,694,1977,31,MIN,AL,155,694,616,128,239,171,38,16,14,100,23,13,69,55,0.388,0.449,0.57,1.019,178,351,6,3,1,5,15,*3/H4D,carewro01,261
65,Rogers Hornsby-1920,67,Rogers Hornsby,1920,9,60.3,-1.3,87.5,62,6.8,0.5,4.3,128,Rogers Hornsby,185,660,1920,24,STL,NL,149,660,589,96,218,145,44,20,9,94,12,15,60,50,0.37,0.431,0.559,0.99,185,329,NA,3,8,NA,NA,*4,hornsro01,195
66,Rogers Hornsby-1921,31,Rogers Hornsby,1921,9.9,76.2,-0.5,109.4,79.1,7.8,0.6,5.1,85,Rogers Hornsby,191,674,1921,25,STL,NL,154,674,592,131,235,152,44,18,21,126,13,13,60,48,0.397,0.458,0.639,1.097,191,378,NA,7,15,NA,NA,*4/7563,hornsro01,116
67,Rogers Hornsby-1922,11,Rogers Hornsby,1922,11.2,95.4,0.1,107.7,100.1,9.2,0.6,5.7,34,Rogers Hornsby,207,704,1922,26,STL,NL,154,704,623,141,250,148,46,14,42,152,17,12,65,50,0.401,0.459,0.722,1.181,207,450,NA,1,15,NA,NA,*4,hornsro01,45
68,Rogers Hornsby-1924,6,Rogers Hornsby,1924,11.5,95.6,-2.4,123.8,98,9.5,0.6,5.2,13,Rogers Hornsby,222,642,1924,28,STL,NL,143,642,536,121,227,145,43,14,25,94,5,12,89,32,0.424,0.507,0.696,1.203,222,373,NA,2,13,NA,13,*4,hornsro01,19
69,Rogers Hornsby-1925,22,Rogers Hornsby,1925,10.2,87.3,0.9,111.1,92.7,8.4,0.6,5.8,26,Rogers Hornsby,210,606,1925,29,STL,NL,138,606,504,133,203,113,41,10,39,143,5,3,83,39,0.403,0.489,0.756,1.245,210,381,NA,2,16,NA,8,*4/H,hornsro01,48
70,Rogers Hornsby-1928,28,Rogers Hornsby,1928,10,79,-0.5,91,83.2,8,0.6,5.3,45,Rogers Hornsby,202,621,1928,32,BSN,NL,140,621,486,99,188,118,42,7,21,94,5,3,107,41,0.387,0.498,0.632,1.13,202,307,NA,1,25,NA,9,*4,hornsro01,73
71,Rogers Hornsby-1929,52,Rogers Hornsby,1929,9.4,76.5,0.4,115.4,82.1,7.3,0.5,5.9,187,Rogers Hornsby,178,712,1929,33,CHC,NL,156,712,602,156,229,135,47,8,39,149,2,0,87,65,0.38,0.459,0.679,1.139,178,409,NA,1,22,NA,5,*4,hornsro01,239
72,Sammy Sosa-2001,39,Sammy Sosa,2001,9.7,84,1,107.7,80,7.6,0.5,5.2,44,Sammy Sosa,203,711,2001,32,CHC,NL,160,711,577,146,189,86,34,5,64,160,0,2,116,153,0.328,0.437,0.737,1.174,203,425,6,6,0,12,37,*9,sosasa01,83
73,Stan Musial-1946,69,Stan Musial,1946,8.9,65.1,-0.6,80.4,57.3,6.3,0.5,4.3,138,Stan Musial,183,702,1946,25,STL,NL,156,702,624,124,228,142,50,20,16,103,7,9,73,31,0.365,0.434,0.587,1.021,183,366,7,3,2,NA,9,*37,musiast01,207
74,Stan Musial-1948,16,Stan Musial,1948,10.7,85.2,1.3,111,79.8,8,0.6,5,54,Stan Musial,200,698,1948,27,STL,NL,155,698,611,135,230,127,46,18,39,131,7,3,79,34,0.376,0.45,0.702,1.152,200,429,18,3,1,NA,6,*987/3,musiast01,70
75,Stan Musial-1951,69,Stan Musial,1951,8.9,69.1,-0.8,90,62.4,6.4,0.5,4.9,139,Stan Musial,183,678,1951,30,STL,NL,152,678,578,124,205,131,30,12,32,108,4,5,98,40,0.355,0.449,0.614,1.063,183,355,6,1,1,NA,24,738/9H,musiast01,208
76,Ted Williams-1941,14,Ted Williams,1941,10.9,100.5,-0.8,111.2,93.4,8.9,0.6,5.4,8,Ted Williams,235,606,1941,22,BOS,AL,143,606,456,135,185,112,33,3,37,120,2,4,147,27,0.406,0.553,0.735,1.287,235,335,10,3,0,NA,25,*7H/9,willite01,22
77,Ted Williams-1942,25,Ted Williams,1942,10.1,86.6,0.4,103.6,80.1,8.3,0.6,4.8,19,Ted Williams,216,671,1942,23,BOS,AL,150,671,522,141,186,111,34,5,36,137,3,2,145,51,0.356,0.499,0.648,1.147,216,338,12,4,0,NA,20,*7/9,willite01,44
78,Ted Williams-1946,20,Ted Williams,1946,10.5,86.8,0.6,104.2,80.5,8.5,0.6,4.6,21,Ted Williams,215,672,1946,27,BOS,AL,150,672,514,142,176,93,37,8,38,123,0,0,156,44,0.342,0.497,0.667,1.164,215,343,12,2,0,NA,29,*7,willite01,41
79,Ted Williams-1947,31,Ted Williams,1947,9.9,82.8,0.3,95.3,75.9,7.9,0.6,4.7,40,Ted Williams,205,693,1947,28,BOS,AL,156,693,528,125,181,100,40,9,32,114,0,1,162,47,0.343,0.499,0.634,1.133,205,335,10,2,1,NA,29,*7,willite01,71
80,Ted Williams-1948,111,Ted Williams,1948,8.4,72,3.7,88,70.7,6.7,0.5,5.3,96,Ted Williams,189,638,1948,29,BOS,AL,137,638,509,124,188,116,44,3,25,127,4,0,126,41,0.369,0.497,0.615,1.112,189,313,10,3,0,NA,14,*7/H,willite01,207
81,Ted Williams-1949,54,Ted Williams,1949,9.3,82.4,1.2,94.8,76.2,7.4,0.5,5.2,84,Ted Williams,191,730,1949,30,BOS,AL,155,730,566,150,194,109,39,3,43,159,1,1,162,48,0.343,0.49,0.65,1.141,191,368,22,2,0,NA,11,*7,willite01,138
82,Ted Williams-1957,42,Ted Williams,1957,9.6,83.4,-0.9,95.3,76.5,7.9,0.6,4.8,9,Ted Williams,233,547,1957,38,BOS,AL,132,547,420,96,163,96,28,1,38,87,0,1,119,43,0.388,0.526,0.731,1.257,233,307,11,5,0,2,33,*7/H,willite01,51
83,Tris Speaker-1912,55,Tris Speaker,1912,9.2,68.4,2.2,98.9,66.6,6.6,0.5,4.9,92,Tris Speaker,190,675,1912,24,BOS,AL,153,675,580,136,222,147,53,12,10,90,52,28,82,36,0.383,0.464,0.567,1.031,190,329,NA,6,7,NA,NA,*8,speaktr01,147
84,Tris Speaker-1914,103,Tris Speaker,1914,8.5,52.4,0.8,88.1,49.1,5.7,0.5,4,190,Tris Speaker,178,668,1914,26,BOS,AL,158,668,571,101,193,125,46,18,4,90,42,29,77,25,0.338,0.423,0.503,0.926,178,287,NA,7,13,NA,NA,*8/13H,speaktr01,293
85,Tris Speaker-1916,95,Tris Speaker,1916,8.6,57.2,-1.2,77.1,52.1,6.1,0.5,4,119,Tris Speaker,186,647,1916,28,CLE,AL,151,647,546,102,211,160,41,8,2,79,35,27,82,20,0.386,0.47,0.502,0.972,186,274,NA,4,15,NA,NA,*8,speaktr01,214
86,Tris Speaker-1923,62,Tris Speaker,1923,9.1,73.8,-0.7,92.8,69.1,6.6,0.5,5.2,144,Tris Speaker,182,695,1923,35,CLE,AL,150,695,574,133,218,131,59,11,17,130,8,9,93,15,0.38,0.469,0.61,1.079,182,350,NA,4,22,NA,NA,*8,speaktr01,206
87,Ty Cobb-1909,45,Ty Cobb,1909,9.5,57.7,9.1,85.6,58.6,7,0.5,3.8,80,Ty Cobb,192,655,1909,22,DET,AL,156,655,573,115,216,164,33,10,9,107,76,NA,48,45,0.377,0.431,0.517,0.947,192,296,NA,6,24,NA,NA,*9/84,cobbty01,125
88,Ty Cobb-1910,42,Ty Cobb,1910,9.6,60.5,6.5,92.9,62.7,7.2,0.6,4.1,38,Ty Cobb,205,598,1910,23,DET,AL,140,598,508,106,194,138,35,13,8,91,65,NA,64,46,0.382,0.455,0.549,1.004,205,279,NA,4,16,NA,NA,*89/H,cobbty01,80
89,Ty Cobb-1911,22,Ty Cobb,1911,10.2,73.8,10.5,107.8,80.5,7.8,0.6,5.2,65,Ty Cobb,196,656,1911,24,DET,AL,146,656,592,148,248,169,47,24,8,127,83,NA,44,42,0.419,0.466,0.62,1.086,196,367,NA,8,11,NA,NA,*8,cobbty01,87
90,Ty Cobb-1912,69,Ty Cobb,1912,8.9,68.3,1.6,90.5,66.2,6.6,0.5,5,53,Ty Cobb,200,610,1912,25,DET,AL,140,610,553,119,226,166,30,23,7,83,61,34,43,30,0.409,0.456,0.584,1.04,200,323,NA,5,8,NA,NA,*8/7,cobbty01,122
91,Ty Cobb-1915,31,Ty Cobb,1915,9.9,63.4,7.6,88.8,67,7.3,0.5,4.4,126,Ty Cobb,185,701,1915,28,DET,AL,156,701,563,144,208,161,31,13,3,99,96,38,118,43,0.369,0.486,0.487,0.973,185,274,NA,10,9,NA,NA,*8,cobbty01,157
92,Ty Cobb-1917,18,Ty Cobb,1917,10.6,70.4,4,99.9,69.7,8.1,0.6,4.1,30,Ty Cobb,209,672,1917,30,DET,AL,152,672,588,107,225,151,44,24,6,106,55,NA,61,34,0.383,0.444,0.57,1.014,209,335,NA,4,16,NA,NA,*89/H,cobbty01,48
93,Willie Mays-1965,45,Willie Mays,1965,9.5,62,4.3,104,64.6,7,0.5,4.4,124,Willie Mays,185,638,1965,34,SFG,NL,157,638,558,118,177,101,21,3,52,112,9,4,76,71,0.317,0.398,0.645,1.043,185,360,11,0,2,2,16,*8/H97,mayswi01,169
